text	n	freq
讗转 讝讛	2	24863
讗谞讬 诇讗	2	23329
讝讛 诇讗	2	9934
讗转讛 诇讗	2	6669
讗谞讬 专讜爪讛	2	6518
讗转讛 讬讜讚注	2	6456
讻诇 讻讱	2	6276
诪讛 讗转讛	2	6056
讬砖 诇讬	2	5644
诇讗 讬讻讜诇	2	5191
诇讗 讬讜讚注	2	5142
讝讛 讛讬讛	2	4900
注诇 讝讛	2	4803
讬砖 诇讱	2	4790
讗谞讬 讬讜讚注	2	4735
讛讜讗 诇讗	2	4509
诪讛 讝讛	2	4457
诇讬 讗转	2	4079
讗谞讬 讞讜砖讘	2	3894
讗转讛 专讜爪讛	2	3851
讗讘诇 讗谞讬	2	3816
讗转 讻诇	2	3612
诇讗 专讜爪讛	2	3608
讬砖 诇谞讜	2	3365
诪讛 拽讜专讛	2	3208
诇讗 诇讗	2	3080
诪讛 拽专讛	2	3065
讗谞讬 讬讻讜诇	2	3034
讗谞讬 诇讗 讬讜讚注	3	2923
讻诇 诪讛	2	2878
讗转讛 讞讜砖讘	2	2814
诇讱 讗转	2	2803
注诇 诪讛	2	2749
讝讛 讘住讚专	2	2744
讬讜讚注 诪讛	2	2732
讗谞讬 爪专讬讱	2	2717
讗祝 讗讞讚	2	2678
诇讗 讛讬讛	2	2677
转谉 诇讬	2	2662
讗转讛 讬讻讜诇	2	2648
讗转 诇讗	2	2624
讗谞讬 诪爪讟注专	2	2606
诇注砖讜转 讗转	2	2592
讗转 讬讜讚注转	2	2582
讝讛 诪讛	2	2483
诇讗 讗谞讬	2	2412
讗转讛 注讜砖讛	2	2379
讗谞讞谞讜 诇讗	2	2371
砖讜诐 讚讘专	2	2300
讗祝 驻注诐	2	2279
讗谞讬 诇讗 讬讻讜诇	3	2256
讗谞讬 专拽	2	2171
讗诐 讗转讛	2	2167
讛诐 诇讗	2	2126
讗讘诇 讝讛	2	2056
讗谞讬 诇讗 专讜爪讛	3	2047
讻谉 讗谞讬	2	2037
诇注砖讜转 讗转 讝讛	3	2027
讗讬谉 诇讬	2	2026
诇诪讛 讗转讛	2	2020
注诐 讝讛	2	1998
驻注诐 诇讗	2	1988
讛讜讗 讛讬讛	2	1979
讗谞讬 讬讜讚注转	2	1956
讗谞讬 讞讬讬讘	2	1876
讛讬讗 诇讗	2	1869
诪讛 讗转讛 注讜砖讛	3	1862
讗讞讚 诇讗	2	1838
讬讻讜诇 诇讛讬讜转	2	1837
诪讛 讗转	2	1828
讗祝 驻注诐 诇讗	3	1811
诇讗 讬讜讚注转	2	1809
诇讗 讬讻讜诇讛	2	1770
讗谞讬 讗讜讛讘	2	1749
诪讛 砖讗谞讬	2	1713
讗诐 诇讗	2	1672
讗讝 诪讛	2	1663
诇讗 讛讬讬转讬	2	1638
讙诐 讗谞讬	2	1620
讗谞讬 讛讜诇讱	2	1607
诇专讗讜转 讗转	2	1588
诪讛 讗谞讬	2	1582
讗转讛 爪专讬讱	2	1552
讗谞讞谞讜 爪专讬讻讬诐	2	1544
讗讘诇 诇讗	2	1484
诪注讜诇诐 诇讗	2	1474
讗诪专转讬 诇讱	2	1465
讗转讛 讘住讚专	2	1449
诇注讜诇诐 诇讗	2	1424
讗转讛 讞讬讬讘	2	1412
讗谞讬 诪拽讜讜讛	2	1410
讗祝 讗讞讚 诇讗	3	1410
诪讬 讝讛	2	1406
讝讛 讬讛讬讛	2	1397
诇讗 讝讛	2	1387
讗谞讬 讞讜砖讘转	2	1364
讗转 讛讻住祝	2	1349
注诇 讬讚讬	2	1345
诪讛 讛讜讗	2	1329
讗讬讱 讗转讛	2	1328
诇诪讛 诇讗	2	1323
讗谞讬 诪讘讬谉	2	1320
砖讗谞讬 诇讗	2	1303
讗谞讬 诪转讻讜讜谉	2	1292
讝讛 谞讻讜谉	2	1292
讝讛 讻诇	2	1270
讗诐 讗谞讬	2	1262
讗转讛 诪讚讘专	2	1260
讗驻讬诇讜 诇讗	2	1259
讗诐 讝讛	2	1255
谞专讗讛 诇讬	2	1232
讗讬讱 讝讛	2	1231
讗谞讬 诪谞讬讞	2	1231
讗讘诇 讛讜讗	2	1230
诇讗 讞讜砖讘	2	1223
讗诐 讛讜讗	2	1217
讗谞讬 专讜讗讛	2	1217
讝讛 讗谞讬	2	1217
讬砖 诇讜	2	1217
讬讜转专 讟讜讘	2	1215
诇讗 诪砖谞讛	2	1210
讝讛 专拽	2	1208
讗转 专讜爪讛	2	1206
讛讜讗 讗诪专	2	1197
讗转讛 诇讗 讬讻讜诇	3	1184
讗转讛 讛讜诇讱	2	1179
讗讝 讗谞讬	2	1176
诪讛 砖诇讜诪讱	2	1151
讗讜讛讘 讗转	2	1148
诪讛 砖讗转讛	2	1139
诪讛 讬砖	2	1137
讻诇 讝讛	2	1136
讻诇 讛讝诪谉	2	1132
专讜爪讛 讗转	2	1122
讬讻讜诇 诇注砖讜转	2	1114
讛专讘讛 讝诪谉	2	1106
讗转讛 讬讜讚注 诪讛	3	1105
讗讘诇 讗转讛	2	1103
讗转讛 专讜讗讛	2	1102
讗谞讬 爪专讬讻讛	2	1101
讘谉 讗讚诐	2	1096
讗谞讬 诪爪讟注专转	2	1085
诇专讗讜转 讗讜转讱	2	1084
讗转讛 诪转讻讜讜谉	2	1079
诇诪讛 砖诇讗	2	1071
讗谞讬 讬讻讜诇讛	2	1068
讗谞讬 诇讗 讬讜讚注转	3	1067
讗转 讬讻讜诇讛	2	1064
讗转讛 诪讘讬谉	2	1060
讬讜转专 诪讚讬	2	1060
讻讬 讗谞讬	2	1059
诪讬 讗转讛	2	1055
讻谉 讝讛	2	1047
讘讜拽专 讟讜讘	2	1032
转讜讚讛 诇讱	2	1031
砖讝讛 诇讗	2	1005
讻诪讛 讝诪谉	2	997
讗谞讬 讗讜诪专	2	995
诇讬诇讛 讟讜讘	2	993
诇讗 讬讻讜诇讬诐	2	990
诇讗 诪讘讬谉	2	986
讗谞讞谞讜 讞讬讬讘讬诐	2	980
讗讬谉 诇讱	2	975
诇讜 讗转	2	969
诪讛 诇注讝讗讝诇	2	969
讗讜讛讘 讗讜转讱	2	966
注讜砖讛 讗转	2	963
讬讜讚注转 诪讛	2	958
讻谉 讛诪驻拽讚	2	953
讗谞讬 讗讜讛讘转	2	951
转讜讚讛 专讘讛	2	948
注诇 诪讛 讗转讛	3	940
注诇 讻诇	2	932
讛讬讛 诇讬	2	927
拽讞 讗转	2	925
诪讛 注诐	2	922
讗谞讞谞讜 讬讻讜诇讬诐	2	920
专讜讗讛 讗转	2	916
诪讻讬专 讗转	2	911
转讙讬讚 诇讬	2	910
讗讜 诇讗	2	909
讗谞讬 诇讗 讬讻讜诇讛	3	905
讗讞专 讻讱	2	899
讞讜砖讘 砖讗谞讬	2	899
讗转 诪讛	2	898
讘谉 讝讜谞讛	2	898
讗谞讬 讘讟讜讞	2	897
诇讱 诪砖讛讜	2	890
讝讛 讟讜讘	2	886
讗谞讬 驻砖讜讟	2	885
讗讝 讗转讛	2	883
注讜讚 诇讗	2	882
转谞讬 诇讬	2	882
诇拽讞转 讗转	2	877
诇讗 讬讛讬讛	2	874
讗转 讞讜砖讘转	2	866
诇讗 专讗讬转讬	2	866
讗讘诇 讗谞讬 诇讗	3	862
讻谉 讗讘诇	2	862
讗诇 转讚讗讙	2	859
讜讗谞讬 诇讗	2	857
诇讗 诪讗诪讬谉	2	852
讛讻讬 讟讜讘	2	851
讝讛 谞专讗讛	2	849
诇讗 爪专讬讱	2	839
诇注讝讜专 诇讱	2	837
讗讬谉 诇谞讜	2	832
讗转讛 讗讜诪专	2	832
讝讛讜 讝讛	2	832
专讜爪讛 诇讛讬讜转	2	831
讻讱 讛专讘讛	2	827
讗讘诇 讗诐	2	826
讗讜 诪砖讛讜	2	826
砖讗转讛 诇讗	2	825
讗谞讞谞讜 讛讜诇讻讬诐	2	824
讻讘专 诇讗	2	823
讛专讘讛 讬讜转专	2	815
讻谉 讗讚讜谞讬	2	814
诇讗 诇讗 诇讗	3	810
讗谞讬 讘住讚专	2	808
讝讛 讛讻诇	2	803
讗谞讬 诇讗 讞讜砖讘	3	801
讘讻诇 诪拽专讛	2	801
讗谞讬 诪专讙讬砖	2	799
注讻砖讬讜 讗谞讬	2	797
讗转 注讜砖讛	2	796
注讚讬讬谉 诇讗	2	796
讗诐 讗转	2	795
专讜爪讛 诇讚注转	2	795
讛讗诐 讗转讛	2	794
诪讛 讗转讛 诪讚讘专	3	793
讻谉 讻谉	2	792
讗讬 驻注诐	2	788
诇讬 诪讛	2	787
诇讗 讛讜诇讱	2	784
诇讗 讗讻驻转	2	783
住诇讞 诇讬	2	781
讗讬 讗驻砖专	2	777
讞讜砖讘 砖讝讛	2	774
讗讘讗 砖诇讬	2	771
诇讗 谞专讗讛	2	771
诇讚讘专 讗讬转讱	2	771
砖讬砖 诇讱	2	771
注诐 讻诇	2	770
讛讙讬注 讛讝诪谉	2	768
讝讛 讗讜诪专	2	765
专讜爪讛 诇专讗讜转	2	765
讻诇 讻讱 讛专讘讛	3	762
讗转讛 诪讜讻谉	2	759
诇讗 讗谞讬 诇讗	3	754
专讗讬转讬 讗转	2	746
讬讜讚注 讗转	2	743
诇讬 讗转 讝讛	3	742
诇讗 讗转讛	2	741
砖讗谞讬 专讜爪讛	2	739
诇谞讜 讗转	2	735
讝讛 讻诪讜	2	734
讗讘诇 讬砖	2	732
诇诪讛 讗转	2	731
爪专讬讱 诇讛讬讜转	2	731
讗谞讬 注讜砖讛	2	730
诇讗 讘住讚专	2	730
注诇 讻讱	2	714
诇讬 注诇	2	709
诇诪讛 讗谞讬	2	708
驻砖讜讟 诇讗	2	708
讟讜讘 讗谞讬	2	704
诇注砖讜转 讝讗转	2	702
讗转 讛讚诇转	2	701
诇讗 讬讜讚注 诪讛	3	700
讛讗诐 讝讛	2	699
讗转讛 讘讟讜讞	2	697
讛讘讞讜专 讛讝讛	2	697
注讜砖讛 讗转 讝讛	3	697
讗转 注爪诪讱	2	695
讗转诐 诇讗	2	694
讬讜诐 讗讞讚	2	694
转注砖讛 讗转	2	694
讝讛 诪诪砖	2	689
讗谞讬 诪讻讬专	2	686
讟讜讘 讬讜转专	2	682
诇讗 讛讬讬转	2	679
诪讛 讗转讛 专讜爪讛	3	679
讗谞讬 讻讘专	2	677
讝讛 讬讻讜诇	2	676
讬砖 诇讛诐	2	675
讛讜讗 专讜爪讛	2	674
讞讜砖讘 砖讗转讛	2	674
讘讜讗 谞诇讱	2	672
讗谞讬 诇讗 诪讗诪讬谉	3	671
讘住讚专 讙诪讜专	2	671
砖讬砖 诇讬	2	670
讗转讛 诪讻讬专	2	669
诇讗 讬讚注转讬	2	669
讗诐 讬砖	2	668
讗转 爪专讬讻讛	2	667
讗转 讛注讘讜讚讛	2	666
砖讛讜讗 诇讗	2	666
讝讗转 讗讜诪专转	2	665
讗谞讬 讘讗诪转	2	664
诇讗 谞讻讜谉	2	663
专讗讬转 讗转	2	658
诇讗 诪诪砖	2	656
讗谞讬 讗讜讛讘 讗讜转讱	3	655
诇讗 讗讜讛讘	2	652
讝讛 诇讗 讛讬讛	3	651
讛讜讗 讬讻讜诇	2	650
砖讗转讛 专讜爪讛	2	649
讗转讛 谞专讗讛	2	648
专拽 专讜爪讛	2	646
讗转 讛讗诪转	2	645
诇讗 专拽	2	645
讗讜讛讘转 讗转	2	642
讘讙诇诇 讝讛	2	642
诪讛 讚注转讱	2	638
讗转诐 讬讜讚注讬诐	2	637
诪讛 讗转 注讜砖讛	3	636
诇拽讘诇 讗转	2	634
转谉 诇讬 讗转	3	632
专讜爪讛 诇讚讘专	2	630
讗讬谉 砖讜诐	2	629
讘住讚专 讗谞讬	2	627
诇讚讘专 注诇	2	627
注讜砖讛 驻讛	2	625
讗诪专 诇讬	2	621
讛诐 讛讬讜	2	621
讘讻诇诇 诇讗	2	619
讗讜诪专 诇讱	2	618
讻诇 讚讘专	2	618
讻诇 讗讞讚	2	613
讚讘专 讗讞讚	2	612
讗讻驻转 诇讬	2	610
讝讛 讗转讛	2	609
讻讚讜专 讛讗专抓	2	606
诪讛 讗诐	2	605
讗转讛 爪讜讚拽	2	604
诪讛 讗转讛 讞讜砖讘	3	602
转注砖讛 讗转 讝讛	3	602
讝讛 讛讜讗	2	601
讛讬讬转讬 专讜爪讛	2	600
讗转 注爪诪讬	2	599
讘讻诇 诪拽讜诐	2	598
讻诇 讛讻讘讜讚	2	598
讗讘诇 讝讛 诇讗	3	595
注诇 注爪诪讱	2	595
讬砖 诪砖讛讜	2	594
讗谞讬 注讚讬讬谉	2	593
诪讛 诇注砖讜转	2	593
讬讛讬讛 讘住讚专	2	588
住讜祝 住讜祝	2	587
诇讚讘专 注诐	2	586
诇讗 专讜讗讛	2	585
诇讱 转讝讚讬讬谉	2	585
讛讚讘专 讛讝讛	2	584
诇讱 注诇	2	579
讗谞讬 专拽 专讜爪讛	3	578
诪讛 讗转诐	2	576
诇讛讙讬讚 诇讱	2	575
讗诐 讛诐	2	574
讛讬讗 讛讬讬转讛	2	574
讜讘讻谉 讗谞讬	2	574
诪讛 讗谞讞谞讜	2	574
诇诪爪讜讗 讗转	2	573
讗谞讬 讗讛讬讛	2	567
诪专 诇讬讘讜讘住拽讬	2	564
谞专讗讛 讻诪讜	2	563
讗谞讬 诪讚讘专	2	562
驻注诐 讗讞转	2	558
讚讘专 诇讗	2	555
诇讱 讗转 讝讛	3	555
讗讘讗 砖诇讱	2	554
讗谞讬 讞讬讬讘转	2	554
诪讛 讛诐	2	553
讗讻驻转 诇讱	2	552
讗讬驻讛 讛讜讗	2	550
讬砖 驻讛	2	550
讗讘诇 讛诐	2	548
讗诇讜讛讬诐 讗讚讬专讬诐	2	548
诇讗谉 讗转讛	2	547
注砖讬转讬 讗转	2	547
诪讛 注砖讬转	2	546
讗谞讬 诪讘讟讬讞	2	545
讗转 讛转讞转	2	545
讝讜 诇讗	2	544
讗谞讬 讗注砖讛	2	541
讗讜诇讬 讝讛	2	540
讙诐 讗转	2	540
诇讗 讻诇	2	539
讗诇讗 讗诐	2	538
诇讱 诪讛	2	538
讗谞讬 砖诪讞	2	533
诇讗 讛讬讬转讛	2	533
诇讗 讗讜讻诇	2	530
讗讘诇 讗转	2	529
讝讗转 诇讗	2	527
讝讛 讬讜转专	2	527
诪讛 讛讘注讬讛	2	527
讝讛 驻砖讜讟	2	526
诇讗 诪讗诪讬谞讛	2	525
讗转 讛驻讛	2	524
讘讚讬讜拽 讻诪讜	2	524
讗谞讬 讛讬讬转讬	2	522
诇诪讛 讗转讛 诪转讻讜讜谉	3	522
讞讬讬讘 诇讛讬讜转	2	520
讗谞讞谞讜 诇讗 讬讻讜诇讬诐	3	518
讗诪讗 砖诇讬	2	517
讛讜讗 诪转	2	517
讬讜讚注 讗谞讬	2	514
讗谞讬 讛讜诇讻转	2	513
讗谞讬 讻讗谉	2	513
诇讗 转讜讚讛	2	513
讗讜讛讘转 讗讜转讱	2	512
讗讝 讝讛	2	512
讞讜砖讘 砖讛讜讗	2	512
讬讜讚注 砖讝讛	2	512
讗转谉 诇讱	2	511
讬砖 诇讻诐	2	508
讗诐 讛讬讗	2	507
讛讬讬转讬 爪专讬讱	2	506
专讜爪讛 诇注砖讜转	2	505
讻谉 讛讜讗	2	504
讗转讛 讘讗诪转	2	503
专拽 专讙注	2	502
诇讬 诪砖讛讜	2	499
讗讘诇 讗谞讞谞讜	2	497
讗讝 讛讜讗	2	497
讗谞讬 专讜爪讛 讗转	3	497
讗转 讻讜诇诐	2	497
讗转讛 诪专讙讬砖	2	496
讗讬讱 讗谞讬	2	495
讗讬谉 讘注讬讛	2	495
讗谞讬 砖讜谞讗	2	494
讞讻讛 专讙注	2	494
讗讜诇讬 讛讜讗	2	493
讛诪拽讜诐 讛讝讛	2	493
讛讜讗 注讜砖讛	2	492
讗谞讬 讻诇	2	491
谞注砖讛 讗转	2	491
诇砖诪讜专 注诇	2	490
讗谞讬 诪谞住讛	2	489
讗转 讛专讗砖	2	489
砖讗谞讬 讬讻讜诇	2	489
讗谞讬 讗讜讛讘 讗转	3	488
讬砖 诇讛	2	488
住讜讙 砖诇	2	487
讗转讛 讗讜讛讘	2	484
讻诇 诪讛 砖讗谞讬	3	484
诇讗 讗转	2	484
转拽砖讬讘 诇讬	2	483
讗诐 讗转讛 专讜爪讛	3	482
诪砖讛讜 讻讝讛	2	482
注砖讬转 讗转	2	482
讝讛 谞砖诪注	2	481
诇讗 讞讜砖讘转	2	481
讗转 讘住讚专	2	480
讝讜讻专 讗转	2	480
讗谞讬 诇讗 诪讘讬谉	3	478
诇讛 讗转	2	477
诇讬 诪讜砖讙	2	477
诇讗 讗诪专转讬	2	476
诇讗 讛讜讗	2	475
讗讬讱 讛讜讗	2	474
讗转 讛讜诇讻转	2	474
讝讛 讘讗诪转	2	473
讛讻诇 讘住讚专	2	472
讻诇 讬讜诐	2	472
讬讜讚注 讗讬讱	2	471
诇住驻专 诇讱	2	469
讝讛 讝讛	2	467
讝讛 讻诇 讻讱	3	467
讗诐 讻谉	2	464
讝讛 讻诇 诪讛	3	464
讗讞讚 诪讛诐	2	463
讬讜讚注 讗转 讝讛	3	463
专讜爪讛 诇诇讻转	2	463
讗讘诇 讛讬讗	2	462
讗讬讱 讗转	2	462
讗谞讬 诪转讻讜讜谞转	2	462
讛讗谞砖讬诐 讛讗诇讛	2	462
诇讗 讞砖讘转讬	2	461
讗转 讞讬讬讘转	2	460
讞砖讘转讬 注诇	2	460
讻诇 讛讬讜诐	2	460
讻诇 注讜讚	2	460
诇砖讗讜诇 讗讜转讱	2	460
砖讜诐 讚讘专 诇讗	3	460
讗讘诇 诪讛	2	459
讗谞讬 讗拽讞	2	458
诇讗 讬讻讜诇转讬	2	458
诇讜诪专 诇讱	2	458
诇讞砖讜讘 注诇	2	458
诇注讝讜专 诇讬	2	457
讗讝 诇诪讛	2	455
讗讜讬 讗诇讜讛讬诐	2	454
讗转 讬讜讚注转 诪讛	3	453
讬讻讜诇 诇注讝讜专	2	453
讬砖 诇讱 讗转	3	453
讗谞讬 诇讗 诪讗诪讬谞讛	3	451
讛讜讗 专拽	2	451
诇讗 诪讛	2	451
讬砖 讻讗谉	2	450
讻谉 讗转讛	2	450
转讜讚讛 注诇	2	446
讗转 讛驻爪爪讛	2	445
讬讻讜诇 诇注砖讜转 讗转	3	445
讻谉 讘讟讞	2	445
砖讝讛 讛讬讛	2	445
讝讛 讻讘专	2	444
讗谞讬 诪诪砖	2	443
讗转 讛讚讘专	2	443
诇讛诐 讗转	2	441
注诇 驻谞讬	2	441
注砖讬转讬 讗转 讝讛	3	440
诪讛 砖讗转	2	437
诪讛 砖讛讜讗	2	436
讗转 讛诪拽讜诐	2	435
诇注砖讜转 诪砖讛讜	2	435
讬讜讚注 注诇	2	433
转谞讜 诇讬	2	433
讗诇 转注砖讛	2	431
诇讗 讛转讻讜讜谞转讬	2	431
诪讬诇讬讜谉 讚讜诇专	2	431
讞讜抓 诪讝讛	2	430
转专讗讛 讗转	2	430
讗转 注爪诪讜	2	429
讗谞讬 讬讜讚注 诪讛	3	426
诇讗 讘讚讬讜拽	2	426
讗讬谉 诇讬 诪讜砖讙	3	425
讛讜讗 讗讜诪专	2	425
讻讬 讛讜讗	2	425
谞专讗讛 诇讱	2	425
讗转 谞专讗讬转	2	424
讗转讛 转讛讬讛	2	424
注讜砖讛 讻讗谉	2	424
诇讗 讗讻驻转 诇讬	3	421
砖诇 讻诇	2	419
讘讜讗 讛谞讛	2	417
讗谞讬 讝讜讻专	2	416
谞注砖讛 讗转 讝讛	3	416
注砖讛 讗转	2	416
讗谞讬 讗讙讬讚	2	415
专拽 讻讚讬	2	415
讗诇 转讚讗讙讬	2	414
讗诪讗 砖诇讱	2	414
讛讝讛 讛讜讗	2	414
讬讜讚注 诇诪讛	2	414
讬砖 砖诐	2	414
诇砖诪讜注 讗转	2	414
讗转 诇讗 讬讻讜诇讛	3	413
诇讗 讗讜诪专	2	413
讗讜诇讬 讗谞讬	2	412
讗谞讬 谞砖讘注	2	411
讬讜讚注讬诐 诪讛	2	411
讻诇 讛诇讬诇讛	2	411
讗转诪讜诇 讘诇讬诇讛	2	410
讬砖 诇讬 讗转	3	410
诇讛爪讬诇 讗转	2	410
诪讛 讝讗转	2	410
砖讗转讛 爪专讬讱	2	410
讗讘诇 讗讬谉	2	409
诇讗 讬讜讚注讬诐	2	409
讝诪谉 专讘	2	408
讬砖 讗转	2	408
诪讘讬谉 讗转	2	406
谞专讗讛 讟讜讘	2	406
讗转 诪讬	2	405
诪讛 砖讗谞讞谞讜	2	405
注讻砖讬讜 讗转讛	2	405
砖诇讬 诇讗	2	405
讗诪讜专 诇讛讬讜转	2	404
拽讜专讛 驻讛	2	404
讗谞讙 诇住	2	403
讗谞讬 讝拽讜拽	2	403
爪专讬讱 讗转	2	403
讛讝讛 诇讗	2	402
诪讜爪讗 讞谉	2	402
诪讬 讗谞讬	2	402
砖讬砖 诇谞讜	2	402
讗谞讬 讻诇 讻讱	3	401
讘讻诇 讗讜驻谉	2	401
诇讗谉 讗转讛 讛讜诇讱	3	401
诇讬 讬砖	2	401
讘讚讬讜拽 诪讛	2	400
讗讜 讗诇讜讛讬诐	2	399
讗谞讬 诪讗诪讬谉	2	399
诪讛 讗转讛 讗讜诪专	3	399
讗讬驻讛 讗转讛	2	398
讻讬 讗转讛	2	398
诇讗 讗讬讻驻转	2	398
诇讗 讟讜讘	2	398
专拽 专爪讬转讬	2	398
讙诐 讗诐	2	397
诪讛 砖讬砖	2	397
讻讬 讝讛	2	396
诇讗 讛讬转讛	2	396
诇讗 讻诇 讻讱	3	396
注讚 讻诪讛	2	396
讗诐 讻讱	2	394
讗谞讞谞讜 讬讜讚注讬诐	2	394
讛讬讬转 爪专讬讱	2	393
讝讛 讘讟讞	2	393
诇讗祝 讗讞讚	2	393
砖讗转讛 讬讻讜诇	2	393
讗谞讬 讗专讗讛	2	392
讜讘讻谉 讝讛	2	391
诇注讝讜讘 讗转	2	391
讛讜讗 讛讜诇讱	2	390
讛讬讗 讛讬转讛	2	390
讗谞讬 诇讗 专讜讗讛	3	389
诇讗 讞砖讜讘	2	389
拽专讛 诇讱	2	389
讛讗讬砖 讛讝讛	2	388
讛讜讗 讬讜讚注	2	388
讛讬讗 讗诪专讛	2	388
诇讗 讘讟讜讞	2	388
诪讛 讝讗转 讗讜诪专转	3	388
注诇 讛砖讟讬讞	2	388
讟讜讘 讝讛	2	387
诪讚讘专 注诇	2	387
诇讜拽讞 讗转	2	386
诪讛 讗诪专转	2	385
讗转讛 讞讜砖讘 砖讗谞讬	3	384
诇转转 诇讱	2	384
注讘讜讚讛 讟讜讘讛	2	384
讗转讛 讝讜讻专	2	383
诪讗讜讞专 讬讜转专	2	383
讝讛 讛讜诇讱	2	382
讗诪专转 诇讬	2	381
诇讗 讗诪专转	2	381
讬讻讜诇讛 诇注砖讜转	2	380
诇讗 讛讬讜	2	380
诪讛 注讜讚	2	380
讬讜讚注 讗诐	2	379
诇诪讛 讛讜讗	2	379
转讜专讬讚 讗转	2	379
讗转 诪转讻讜讜谞转	2	378
讘砖讘讬诇 诪讛	2	378
讬讜讚注 砖讗转讛	2	378
诪诪砖 诇讗	2	378
讗讙讬讚 诇讱	2	377
讛谞讛 讝讛	2	377
讗转讛 诇讗 讬讜讚注	3	376
讗谞讞谞讜 专讜爪讬诐	2	375
讘讚专讱 讻诇诇	2	374
讬砖 注讜讚	2	374
讛讜讗 谞专讗讛	2	373
诪讛 诇讙讘讬	2	373
注砖讬转 讗转 讝讛	3	373
诇讗 讗讘诇	2	372
诇讬 注讜讚	2	372
诪讬砖讛讜 讗讞专	2	372
砖讛讜讗 讛讬讛	2	370
讗讜转讜 讚讘专	2	369
讝讛 诇讗 诪砖谞讛	3	369
诪讛 砖拽讜专讛	2	369
讗转 讛讗谞砖讬诐	2	368
讗转 讛讻讚讜专	2	368
讗转 讛拽诇讟转	2	368
谞讬讜 讬讜专拽	2	368
爪专讬讱 诇注砖讜转	2	367
讗转讛 注讜砖讛 驻讛	3	366
讗谞讬 讬讜讚注 砖讝讛	3	365
诪讛 砖拽专讛	2	365
讗谞讞谞讜 注讜砖讬诐	2	364
讗转讛 诇讗 专讜爪讛	3	364
讘诇转讬 讗驻砖专讬	2	364
讬讻讜诇 诇专讗讜转	2	364
诇诪注谉 讛讗诪转	2	364
讛诐 专讜爪讬诐	2	363
讝讛 诪讛 砖讗谞讬	3	363
诇讗 注讜讘讚	2	363
注讜讚 驻注诐	2	363
讗讜诇讬 诇讗	2	361
讗谞讬 讗诇讱	2	361
讝讛 讬讻讜诇 诇讛讬讜转	3	361
讝讛 谞讙诪专	2	361
讝讛 讗讘诇	2	360
讗转 讛讞讬讬诐	2	359
讘讘拽砖讛 讗诇	2	359
讗转 讻诇 讝讛	3	358
诇转转 诇讬	2	358
讗转 讛讗拽讚讞	2	356
诇讗 讝讛 诇讗	3	356
诇注讝讗讝诇 讗转讛	2	356
砖讗谞讬 爪专讬讱	2	356
讗讜诇讬 讻讚讗讬	2	355
讬讜讚注 诪讬	2	355
砖讬砖 诇讜	2	355
专注讬讜谉 讟讜讘	2	354
讗谞讬 诪专讙讬砖讛	2	353
诇注讝讗讝诇 注诐	2	353
讗讜转讜 讛讚讘专	2	352
讘专讙注 讝讛	2	352
讛讜诇讱 诇讛讬讜转	2	352
讬讻讜诇讬诐 诇注砖讜转	2	352
讗转讛 诪讻讬专 讗转	3	351
讝讜 讛讬转讛	2	351
讞砖讘转讬 砖讝讛	2	351
诇讗专讜讞转 注专讘	2	351
诇讛转诪讜讚讚 注诐	2	351
讗讝 讗转	2	350
讝讛 注诇	2	350
讟讜讘 诪讗讜讚	2	350
诪讬 讛讜讗	2	350
专讜爪讛 诇砖诪讜注	2	350
讚讘专 讻讝讛	2	349
讞讜砖讘转 砖讝讛	2	349
诪讛 讛讬讗	2	349
讗讜讛讘 讗转 讝讛	3	348
讛讜诇讱 诇注砖讜转	2	348
讝讛 谞讛讚专	2	348
诇讗 专注	2	348
诇讗 诪讘讬谞讛	2	347
诇讗 诪住驻讬拽	2	347
转讞砖讜讘 注诇	2	347
转住转讻诇 注诇	2	347
拽讞 讗转 讝讛	3	346
专讜爪讛 砖讗谞讬	2	346
讗谞讬 讞讜砖讘 砖讝讛	3	345
讗转讛 砖讜诪注	2	345
注诐 诪讬	2	345
讗转 讛讚讘专讬诐	2	343
讗转讛 讬讜讚注 讗转	3	343
诪讛 拽专讛 诇讱	3	343
讙诐 诇讗	2	342
讛讜讗 注砖讛	2	342
诇讗 谞专讗讛 诇讬	3	342
诇讗 转讛讬讛	2	342
讗谞讬 诪讜讻谉	2	341
讗谞讬 诪谞讬讞讛	2	341
讞讜砖讘 砖讬砖	2	341
讻诪讛 讝讛	2	341
注诇 诪砖讛讜	2	341
讘讻诇 讝讗转	2	340
讝讛 注讻砖讬讜	2	340
讗讬讱 讗转讛 讬讜讚注	3	339
讗诐 讗转讛 诇讗	3	339
讗转 讛讬讚讬讬诐	2	339
讘专讜讻讬诐 讛讘讗讬诐	2	339
讛讬讬 诪讛	2	339
诇讗 诪讻讬专	2	338
讗谞讬 讗谞讬	2	337
讝讛 拽专讛	2	337
讞讜砖讘转 砖讗谞讬	2	337
诇专讗讜转 讗转 讝讛	3	337
住驻专 诇讬	2	337
讛讬讬 讛讬讬	2	336
诇讗 讬讻讜诇 诇注砖讜转	3	336
砖诇讱 诇讗	2	336
讗谞讬 讗讜讛讘转 讗讜转讱	3	335
砖讗转讛 注讜砖讛	2	335
讬讻讜诇讛 诇讛讬讜转	2	334
诇讱 砖讗谞讬	2	334
诪讗讜讞专 诪讚讬	2	334
讗谞讬 讗讜诪专 诇讱	3	333
讝讛 诪住驻讬拽	2	332
讗转诐 专讜爪讬诐	2	331
诇讻诇 讛专讜讞讜转	2	331
诪爪讟注专 注诇	2	331
注专讘 讟讜讘	2	331
讗诇讗 讗诐 讻谉	3	330
讗注砖讛 讗转	2	330
诇砖讜诐 诪拽讜诐	2	330
注讻砖讬讜 讝讛	2	328
爪专讬讱 诇诇讻转	2	328
讛讻讬 讟讜讘讛	2	327
讝讛 讗转	2	327
讛讗诐 讗谞讬	2	326
诪砖讛讜 讗讞专	2	326
砖讛诐 诇讗	2	326
讗转 讞讬讬	2	325
讗讜讬 诇讗	2	324
讛讬讛 爪专讬讱	2	324
讗讬讻驻转 诇讬	2	323
讗转 讛诪讻讜谞讬转	2	323
讗讜诇讬 讗转讛	2	322
讗诇 转讝讜讝	2	322
讝讛 砖讜讘	2	322
讝讛 砖诐	2	322
诪讛 拽讜专讛 驻讛	3	322
注讜砖讬诐 讗转	2	322
讗讘诇 注讻砖讬讜	2	321
讗讝 讗讬讱	2	321
讗转讛 讞讜砖讘 砖讗转讛	3	321
诇讗 爪专讬讻讛	2	321
砖讝讛 讬讛讬讛	2	321
讗诇 转讙讬讚	2	320
讗转讛 注讚讬讬谉	2	320
讛讟讜讘 讘讬讜转专	2	320
诇讚注转 诪讛	2	320
诪讚讘专讬诐 注诇	2	320
讗转诐 注讜砖讬诐	2	319
讜讗谞讬 专讜爪讛	2	319
诪砖谞讛 诪讛	2	319
讗谞讬 讗讜讛讘转 讗转	3	318
讗谞讬 诪转	2	318
讗谞讬 注讜讘讚	2	318
诇讬 讗谞讬	2	318
专讜爪讛 诇讛讙讬讚	2	318
砖讗祝 讗讞讚	2	317
讬砖 专拽	2	316
讛讗诪转 讛讬讗	2	315
讗谞讬 诪讘拽砖	2	314
讛讜讗 讬讛讬讛	2	314
诪讛 讝讛 讛讬讛	3	314
诇讗 讝讜讻专	2	313
爪专 诇讬	2	313
转讜讚讛 诇讗诇	2	313
讗转 讛砖诐	2	312
讘砖讘讬诇 讝讛	2	312
讛讞讬讬诐 砖诇讬	2	312
讻讱 讟讜讘	2	312
讻诇 诪讬	2	312
诇诪讛 讝讛	2	311
讗谞讬 诇讗 讛讜诇讱	3	310
讗转 讛讘讬转	2	310
拽爪转 讬讜转专	2	310
讗诇 转讛讬讛	2	309
讬讜讚注 砖讗谞讬	2	309
诇讗 讘讗诪转	2	307
诇讛专讜讙 讗转	2	307
讗谞讬 讞讜砖讘 砖讗谞讬	3	306
讛讜讗 诇讗 讛讬讛	3	306
诪讛 讛讬讛	2	306
砖讗谞讬 注讜砖讛	2	306
讙诐 讗转讛	2	305
讛讬讛 诇讱	2	305
讬讜讚注 讗讬驻讛	2	305
讘住讚专 讘住讚专	2	304
讬讜讚注转 讗转	2	304
诇讬 讟讜讘讛	2	304
讗转 诪讘讬谞讛	2	303
讝讛 讘讚讬讜拽	2	303
讟讜讘 诇专讗讜转	2	303
诇讬 诇讗	2	303
专拽 讘讙诇诇	2	303
讛讗诐 讬砖	2	302
讻诪讜 砖爪专讬讱	2	302
讗谞讬 诇讗 讞讜砖讘转	3	301
讗谞讬 转诪讬讚	2	301
讘讻诇 驻注诐	2	301
讞讙 讛诪讜诇讚	2	301
讝讜 讛讬讬转讛	2	300
讻谉 讬砖	2	300
诪讛 砖讛诐	2	300
讗讜 拽讬讬	2	299
讗讬驻讛 讛讬讗	2	298
讗谞讬 诪讘讬谞讛	2	298
讗转 讘讟讜讞讛	2	298
讗转 讛讚专讱	2	298
讛讬讛 诇讜	2	298
讻诇 讻讱 讟讜讘	3	298
诪讛 讬砖 诇讱	3	298
专讗讬转讬 讗讜转讱	2	298
砖讗谞讞谞讜 爪专讬讻讬诐	2	298
砖诪讜专 注诇	2	298
讗谞讬 诇讗 讗讜讛讘	3	297
讗转 讛转讬拽	2	297
讛诐 讬讻讜诇讬诐	2	297
讞讬讬讘 诇诇讻转	2	297
讞祝 诪驻砖注	2	297
诇讗 讬讜转专	2	297
诇讬 专注讬讜谉	2	297
讗注砖讛 讗转 讝讛	3	296
讘讜讗 谞专讗讛	2	296
讗讜 砖讗谞讬	2	295
讗谞讬 讙诐	2	295
讗转 讛讬诇讚	2	295
讝讛 诇注讝讗讝诇	2	295
讻诪讛 讬诪讬诐	2	295
拽讜讚诐 讻诇	2	295
砖诇 诪讬	2	295
讗讘诇 讛讜讗 诇讗	3	294
讗谞讬 讘讟讜讞讛	2	294
讗转讛 爪讜讞拽	2	294
讛讜讗 爪专讬讱	2	294
讛专讘讛 讚讘专讬诐	2	294
专拽 讗转	2	294
讝讛 讘讙诇诇	2	293
诇讗 注砖讬转讬	2	293
诇讗 砖诪注转讬	2	293
讗谞讞谞讜 专拽	2	292
讗转讛 诪谞住讛	2	292
讗转诐 讬讻讜诇讬诐	2	292
诇讗 砖诐	2	292
讗诐 讗转诐	2	290
讗诪专 砖讛讜讗	2	290
讬讻讜诇 诇拽讘诇	2	290
专讗讬转讬 讗讜转讜	2	290
诇讬 诇专讗讜转	2	289
讗转 讛注讜诇诐	2	288
讘讜讗讬 谞诇讱	2	288
诇讱 讗诐	2	288
诪讛 谞注砖讛	2	288
讚专讱 讗讙讘	2	287
讛讜讗 讻讘专	2	287
讛讜讗 诇讗 讬讻讜诇	3	287
讗谞讬 讗讙讬讚 诇讱	3	286
讗谞讬 诇讗 爪专讬讱	3	286
讗转 诪讚讘专转	2	286
讛讚讘专 讛讬讞讬讚	2	286
讝讛 讛讚讘专	2	286
讬讜讚注 讝讛	2	286
诇讗 讬讻讜诇 诇讛讬讜转	3	286
讗转 讛谞砖拽	2	285
讗转讛 诇讗 讞讜砖讘	3	285
诪讛 谞砖诪注	2	285
砖讗谞讬 讗讜诪专	2	285
转住诇讞 诇讬	2	285
讗讬砖 诇讗	2	284
讗转讛 讬讜讚注 讗谞讬	3	284
讛讜讗 讞讜砖讘	2	284
讗转 讛诪砖讞拽	2	283
转讙讬讚 诇讜	2	283
讘讞讬讬诐 诇讗	2	282
讛讜讗 注讚讬讬谉	2	282
讝讛 诇讗 诪讛	3	282
讬讻讜诇 诇讚讘专	2	282
讗谞讬 讗讛专讜讙	2	281
讗谞讬 注讜诪讚	2	281
讛谞讛 讛讜讗	2	281
讝讛 讛讝诪谉	2	281
诇讗 讻讗谉	2	281
诇讗 注讜砖讛	2	281
诇讬 专拽	2	281
讗谞讬 讻谉	2	279
讻诪讛 讗转讛	2	279
诪讛 讝讛 讗讜诪专	3	279
诪讛 诇讗	2	279
注砖讛 讗转 讝讛	3	279
讘讜讗讜 谞诇讱	2	278
诇讘讚讜拽 讗转	2	278
诇驻讙讜砖 讗讜转讱	2	278
转讙讬讚讬 诇讬	2	278
讗谞讬 讞讜讝专	2	277
讗拽讞 讗转	2	277
讗专讗讛 讗讜转讱	2	277
讚注转讱 注诇	2	277
讛讬讬转讬 爪专讬讻讛	2	277
诪讛 砖讗谞讬 专讜爪讛	3	277
诪砖讛讜 注诇	2	277
讝讛 讻谉	2	276
诇讗 诪砖谞讛 诪讛	3	276
诇讗 谞讜讻诇	2	276
诇讛讘讬谉 讗转	2	276
砖讗谞讬 讬讜讚注	2	276
讗谞讬 讬讜讚注 砖讗转讛	3	275
讛讬讛 诇谞讜	2	275
谞转谉 诇讬	2	275
专讜讗讛 诪讛	2	275
诪讛 讚注转讱 注诇	3	274
转专讗讜 讗转	2	274
讗讛 讻谉	2	273
讝讛 拽讜专讛	2	273
诪讛 讛讜诇讱	2	273
讗讬讱 拽讜专讗讬诐	2	272
讗谞讬 诪讻讬专 讗转	3	272
讘驻注诐 讛讘讗讛	2	272
讬讻讜诇 诇讛讙讬讚	2	272
诇讛讙讬讚 诇讬	2	272
诇讬 讝诪谉	2	272
诪讛 砖讗转讛 专讜爪讛	3	272
诪讛 砖诪讱	2	272
谞专讗讛 讻讗讬诇讜	2	272
讗谞讬 诇讗 讘讟讜讞	3	271
讗转 讛讬讚	2	271
讛讘谉 砖诇讬	2	271
讝讛 讚讘专	2	271
讗讬谉 诇讜	2	270
讗谞讬 专讜爪讛 诇讚注转	3	270
讝讛 讘讗	2	270
诇讗 讗谞讞谞讜	2	270
诪讛 讛讜讗 注讜砖讛	3	270
注诐 诪讬砖讛讜	2	270
拽讜专讗讬诐 诇讬	2	270
砖讗转 诇讗	2	270
讗谞讬 讗驻讬诇讜	2	269
讞讜砖讘 注诇	2	269
诇讬 讛专讘讛	2	269
砖讜谞讗 讗转	2	269
讘拽砖专 诇讝讛	2	268
讛讜讚 诪注诇转讱	2	268
讻诪讜 讻诇	2	268
砖诇 讚讘专	2	268
砖诇讬 讛讬讗	2	268
讻诇 驻注诐	2	267
诇砖谞讜转 讗转	2	267
讗转 讛讝诪谉	2	266
讝讛 诪砖讛讜	2	266
讞砖讘转讬 砖讗转讛	2	266
讬讻讜诇 诇拽讞转	2	266
诇讛讙谉 注诇	2	265
诇讱 讻诇	2	265
诪砖讛讜 砖讗谞讬	2	265
砖讬讛讬讛 诇讱	2	265
讗讝 讗诐	2	264
讗讬驻讛 讛讬讬转	2	264
讗诐 讗谞讞谞讜	2	264
讘住讱 讛讻诇	2	264
讜讗转讛 讬讜讚注	2	264
砖诇 讗讘讗	2	264
讗转讛 讘讟讞	2	263
讝讛 讞砖讜讘	2	263
讬讛讬讛 诇讱	2	263
讬讜转专 诪讬讚讬	2	263
讻谉 讗谞讬 讬讜讚注	3	263
诇讬 砖讗转讛	2	263
诇专讗讜转 讗讜转讜	2	263
讛讜 讗诇讜讛讬诐	2	262
讛诇讗 谞讻讜谉	2	262
诇讗 讗讬讻驻转 诇讬	3	262
诇讗 专爪讬转讬	2	262
诇讛讜爪讬讗 讗转	2	262
诇驻注诪讬诐 讗谞讬	2	262
讛讬讬转讬 讗讜诪专	2	261
讝讛 讻讗讬诇讜	2	261
诇讚讘专 讗转讱	2	261
诇讻诐 讗转	2	261
讗讘诇 讗转讛 诇讗	3	260
讗诐 讛讬讬转讬	2	260
讗转 讛住驻专	2	260
讛讞专讗 讛讝讛	2	260
诪讛 讻诇	2	260
谞讜 讘讗诪转	2	260
谞诪讗住 诇讬	2	260
讗专讜讞转 注专讘	2	259
诪爪讗转讬 讗转	2	259
砖讛讬讗 诇讗	2	259
砖诇讬 讛讜讗	2	259
讗转 讛讘讞讜专	2	258
讬讜讚注 讻诪讛	2	258
诇讗 讛讬讛 诇讬	3	258
诇讬 拽爪转	2	258
诇诪讛 讗谞讞谞讜	2	258
拽讬 讟专讬讛讜专谉	2	258
砖诇讱 讗谞讬	2	258
讟讜讘 讗讝	2	257
诇讛专讜讙 讗讜转讬	2	257
讗讜讛讘 讗讜转讛	2	256
讗诐 诪讬砖讛讜	2	256
讗转 讛讻诇	2	256
诇诪讛 讛诐	2	256
爪专讬讻讛 诇诇讻转	2	256
讗讬讱 讛诐	2	255
讻诪讛 讚讘专讬诐	2	255
诇讗 讬讜讚注 讗诐	3	255
诇讗 爪专讬讻讬诐	2	255
诇转转 诇讜	2	255
住讬驻专 诇讬	2	255
注讜讚 诪砖讛讜	2	255
讗谞讬 讞讜砖砖	2	254
讗谞讬 驻讛	2	254
讛讜讗 讗讜讛讘	2	254
诇讬 砖讗谞讬	2	254
诇讬 砖讜诐	2	254
专讜讗讛 讗转 讝讛	3	254
砖诇 诪讬砖讛讜	2	254
讗讘诇 讗讝	2	253
讗讜转讱 砖讜讘	2	253
诇讛讘讬讗 讗转	2	253
诇讱 诪讜砖讙	2	253
诪讛 砖讗诪专转讬	2	253
讗谞讬 讞砖讘转讬	2	252
讗转 讝讛 注讻砖讬讜	3	252
讝讛 讙诐	2	252
讬讜讚注转 讗谞讬	2	252
讬讻讜诇 诇讜诪专	2	252
讗转 讛注讬谞讬讬诐	2	251
讛讬讜 诇讬	2	251
讝讛 讘砖讘讬诇讱	2	251
诇讗 注讜讚	2	251
诇住驻专 诇讬	2	251
转谉 诇讜	2	251
讗讬谉 爪讜专讱	2	250
讗住讜专 诇讱	2	250
讘讜讗讬 讛谞讛	2	250
讘驻注诐 讛专讗砖讜谞讛	2	250
讜讝讛 诇讗	2	250
讝讛 诪讗讜讚	2	250
诇讗 转讜讻诇	2	250
讗谞讬 砖诐	2	249
讚讘专讬诐 讻讗诇讛	2	249
讜注讜讚 讗讬讱	2	249
讬讜驻讬 砖诇	2	249
诇讛讬讜转 驻讛	2	249
诪讘讟讬讞 诇讱	2	249
诪讬 讬讜讚注	2	249
注讜讚 讗讞讚	2	249
注诇 诪谞转	2	249
拽讬讘诇转讬 讗转	2	249
讗转讛 专讜讗讛 讗转	3	248
讞砖讘转讬 注诇 讝讛	3	248
谞砖诪注 讻诪讜	2	248
拽讚讬诪讛 拽讚讬诪讛	2	248
专讘讛 诇讱	2	248
讗诐 讛讬讬转	2	247
讗谞讬 专讜爪讛 诇讛讬讜转	3	247
讗讜 诪讛	2	246
讗讬驻讛 讛讻住祝	2	246
讗谞讬 诪讞驻砖	2	246
讗转 讝讛 讗谞讬	3	246
讙诐 诇讬	2	246
讝讛 诪讛 砖拽讜专讛	3	246
讬砖 诇讬 专注讬讜谉	3	246
诇讱 诪讝诇	2	246
诪讛 诇注讝讗讝诇 讗转讛	3	246
讗讬谉 住讬讻讜讬	2	245
讗谞讬 专讜爪讛 诇专讗讜转	3	245
讛转讞转 砖诇讱	2	245
诇讬 讻诪讛	2	245
诪讛 讗转诐 注讜砖讬诐	3	245
转讜讚讛 专讘讛 诇讱	3	245
讗谞讬 讗讞讝讜专	2	244
讘谞讬 讗讚诐	2	244
讛讬诇讚 讛讝讛	2	244
诇讗 注讻砖讬讜	2	244
注诇 讛专讗砖	2	244
爪专讬讱 诇讚讘专	2	244
讗讜诪专 砖讛讜讗	2	243
讗专讗讛 诇讱	2	243
讛讚讘专 讛讻讬	2	243
讛讜讗 讘讟讞	2	243
讟讜讘 诇专讗讜转 讗讜转讱	3	243
诇转拽谉 讗转	2	243
讗讜转讱 注诇	2	242
讗讝 讗诇	2	242
讛讞讘专 砖诇讱	2	242
讗讝 讗谞讞谞讜	2	241
讗转 讗讜诪专转	2	241
讗转 讛讞讚专	2	241
讗转 讻诇 诪讛	3	241
讗转讛 讻诇	2	241
讗转讛 注讜砖讛 讻讗谉	3	241
注讜砖讬诐 讗转 讝讛	3	241
讗转 讗讜讛讘转	2	240
讗转讛 砖诐	2	240
诇讱 注讜讚	2	240
诪拽讘诇 讗转	2	240
谞注专 讛诪讬诐	2	240
讗讛专讜讙 讗讜转讱	2	239
讗转讛 诇讗 诪讘讬谉	3	239
讛讬讬 讗谞讬	2	239
讬讜讚注 诪讛 讝讛	3	239
讬砖 讛专讘讛	2	239
诇讛砖讬讙 讗转	2	239
诪讛 讝讛 诇注讝讗讝诇	3	239
讛讜讗 讛诇讱	2	238
谞讬拽讞 讗转	2	238
砖讗谞讞谞讜 诇讗	2	238
砖讜诪注 讗讜转讬	2	238
讗谞讬 讗诪爪讗	2	237
讗谞讬 讗驻讬诇讜 诇讗	3	237
讗转 讛诪住驻专	2	237
讻诇 诪讛 砖讬砖	3	237
诇讗 讬讜讻诇	2	237
诇讛讜专讬讚 讗转	2	237
诪讛 讬拽专讛	2	237
讗诪专讜 诇讬	2	236
讗谞讬 驻砖讜讟 诇讗	3	236
讛讘讬转 砖诇讱	2	236
讛诐 讗诪专讜	2	236
诪讛 讗诪专转讬	2	236
谞讚诪讛 诇讬	2	236
谞讻讜谉 诪讗讜讚	2	236
讗谞讬 专讜爪讛 诇讚讘专	3	235
讗转 讛诪爪讘	2	235
讗转讛 诇讗 爪专讬讱	3	235
讝讛 谞讜专讗	2	235
诇讗 讗讜讛讘转	2	235
诇讗 讘讗	2	235
诇讗 讻讚讗讬	2	235
诇讗 诪住讜讙诇	2	235
诪讘讬谉 诪讛	2	235
注讜讚 讻诪讛	2	235
拽讬讘诇转 讗转	2	235
讗讬讱 讗转讛 诪专讙讬砖	3	234
讛讙讚讜诇 讘讬讜转专	2	234
讗谞讬 诪注讚讬祝	2	233
讗转讛 讻讘专	2	233
讻诪讛 讗谞砖讬诐	2	233
诪讛 砖诇讜诐	2	233
砖转讬讬诐 砖诇讜砖	2	233
讗谞讬 诪爪讬注	2	232
讗驻砖专 诇注讝讜专	2	232
讛讬讬转讛 诇讬	2	232
讬讜转专 诪讛专	2	232
专拽 注诇	2	232
砖诇讬 讗谞讬	2	232
讗谞讞谞讜 诪讚讘专讬诐	2	231
讗转 注爪诪讛	2	231
讗转讛 专拽	2	231
讘讙诇诇 砖讗谞讬	2	231
讛讚讘专讬诐 讛讗诇讛	2	231
讛讬讛 讬讻讜诇	2	231
诇讗 诪讜讻谉	2	231
诇讱 讗谞讬	2	231
讗转 讛讻讜讞	2	230
讙诐 讻谉	2	230
讜讗转讛 诇讗	2	230
讬讜诐 讛讜诇讚转	2	230
讬讻讜诇讬诐 诇讛讬讜转	2	230
诇讗 诪专讙讬砖	2	230
诇砖讬诐 讗转	2	230
专讜爪讛 诇专讗讜转 讗转	3	230
诇讗 讗讚讜谞讬	2	229
诇讗 专讜爪讬诐	2	229
诇讚讘专 注诇 讝讛	3	229
诪砖讛讜 诇讗	2	229
讗转讛 拽讜专讗	2	228
讛讗诐 讛讜讗	2	228
讝讛 拽爪转	2	228
讻诇 讞讬讬	2	228
诇讗 讛讬讗	2	228
诇讗 讛讬讬谞讜	2	228
诇讗 专讜爪讛 诇讛讬讜转	3	228
诇谞讜 讝诪谉	2	228
诇拽讞转 讗讜转讬	2	228
砖讗谞讬 专讜讗讛	2	228
讗讜诪专 讗转	2	227
讗诪专讛 诇讬	2	227
讘注讬讛 注诐	2	227
讘专讜讱 讛讘讗	2	227
讛驻注诐 讛专讗砖讜谞讛	2	227
讞谉 讘注讬谞讬讬	2	227
讻诇 讛讚专讱	2	227
注谞讬讬谉 砖诇	2	227
爪专讬讻讛 诇讛讬讜转	2	227
砖诐 诇诪注诇讛	2	227
讗谞讬 讗转谉	2	226
讗谞讬 转讜讛讛	2	226
讗转 诪讜讻谞讛	2	226
讗转讛 讜讗谞讬	2	226
讗转讛 诪诪砖	2	226
讛讜讗 砖诐	2	226
讛诐 注讜砖讬诐	2	226
诇讗 拽专讛	2	226
诇讬 讗诐	2	226
诪讛 讘讚讬讜拽	2	226
诪转 注诇	2	226
注讻砖讬讜 讗谞讞谞讜	2	226
拽砖专 注诐	2	226
砖讬诐 讗转	2	226
讝讛 诇讗 谞讻讜谉	3	225
诇讗 注诇	2	225
注讜讚 拽爪转	2	225
爪专讬讻讬诐 诇注砖讜转	2	225
拽讜专讗讬诐 诇讜	2	225
讗讬讘讚谞讜 讗转	2	224
讗谞讬 诪拽讘诇	2	224
讙诐 讗谞讬 诇讗	3	224
讻诇 讛讞讬讬诐	2	224
诇讬 砖讛讜讗	2	224
诇诪爪讜讗 讗讜转讜	2	224
诪讻讬专 讗讜转讱	2	224
转讛讬讛 讘住讚专	2	224
讗讛讘转讬 讗转	2	223
讘驻注诐 讛讗讞专讜谞讛	2	223
诇讗 讬讜讚注转 诪讛	3	223
诇住讬讬诐 讗转	2	223
诪讛 讛讜讗 讗诪专	3	223
砖讗转 专讜爪讛	2	223
砖诪注讜诇诐 诇讗	2	223
讗转 讗诪讗	2	222
讛讘注讬讛 砖诇讱	2	222
讛砖讟讬讞 砖诇讬	2	222
讟讜讘 讘住讚专	2	222
诇讗 讞讬讬讘	2	222
诇讻诇 讗讞讚	2	222
诪注谞讬讬谉 讗讜转讬	2	222
注诇 诪讛 讗转	3	222
转专讗讛 诇讬	2	222
转专讗讛 诪讛	2	222
讗诪专 诇讱	2	221
讗转讛 注讜讘讚	2	221
讗转讛 驻砖讜讟	2	221
讛讬讛 讻诇	2	221
讛讬讬谞讜 爪专讬讻讬诐	2	221
讝讛 诪砖谞讛	2	221
讻诪讜 诪讛	2	221
讻诪讜 砖讗转讛	2	221
诇讗 讗转讛 诇讗	3	221
诇讗 专讗讬转讬 讗转	3	221
诇驻转讜讞 讗转	2	221
爪专讬讱 诇讚注转	2	221
拽爪转 讝诪谉	2	221
讗讬驻讛 讝讛	2	220
讗转 讝讛 注诇	3	220
讝讛 诇讗 讬讛讬讛	3	220
讞爪讬 砖注讛	2	220
讬讜转专 诪讝讛	2	220
诇讛讬讜转 讻讗谉	2	220
诇诪讛 讗转讛 诇讗	3	220
诪讛 砖讗谞讬 讗讜诪专	3	220
注讝讜专 诇讬	2	220
砖讗转讛 讬讜讚注	2	220
讗转 讛讘谉	2	219
讻讚讗讬 诇讱	2	219
讗转 专讜讗讛	2	218
诇讛讙讬讚 讗转	2	218
诇注砖讜转 讝讛	2	218
诇专讗讜转 讗讜转讬	2	218
专讜讗讬诐 讗转	2	218
砖讗讬 驻注诐	2	218
转讘讬讗 讗转	2	218
讗讝 诪讛 讗转讛	3	217
讗诇 转注砖讛 讗转	3	217
讗转 讝讛 砖讜讘	3	217
讝讛 讘诇转讬	2	217
讝讛 爪专讬讱	2	217
转专讗讛 讗谞讬	2	217
讛讘讗转讬 诇讱	2	216
讬砖 诇谞讜 讗转	3	216
注砖讛 讝讗转	2	216
讗讜 诪砖讛讜 讻讝讛	3	215
讗谞讬 讗讘讬讗	2	215
讘注讜讚 讚拽讜转	2	215
讝讛 诪讛 砖讗转讛	3	215
讝讛 注讜讘讚	2	215
讞讜砖讘转 砖讛讜讗	2	215
谞讚讘专 注诇	2	215
爪专讬讻讬诐 诇讛讬讜转	2	215
讗谞讬 讘讗	2	214
讗谞讬 讟讜注讛	2	214
讜讗讞专 讻讱	2	214
讝讛 讞讬讬讘	2	214
讞讜砖讘 砖讗谞讞谞讜	2	214
诪注专讬讱 讗转	2	214
砖讗转讛 讗讜讛讘	2	214
讗讝 诇讗	2	213
讗转 诪讻讬专讛	2	213
讘住讜驻讜 砖诇	2	213
讝讗转 讗谞讬	2	213
诇讬 讗讜转讜	2	213
诪讛专 讬讜转专	2	213
砖诇讗 讬讛讬讛	2	213
砖诐 讘讞讜抓	2	213
转讞讝讬拽 诪注诪讚	2	213
讗讝 讗讜诇讬	2	212
讗讬讱 讬讚注转	2	212
讗讬诪讗 砖诇讬	2	212
讗谞讬 诪讗讜讚	2	212
讗转 讛讗讬砖	2	212
讘讗诪转 诇讗	2	212
讘讜讘讬 讘讜砖讛	2	212
诇讗 谞诪爪讗	2	212
专拽 注讜讚	2	212
转注砖讬 讗转	2	212
讗谞讬 诇讜拽讞	2	211
讗谞讬 诪讜讚讛	2	211
讗谞讬 专爪讬谞讬	2	211
讞讬讬讘 诇讱	2	211
讻诇 诪讛 砖讗转讛	3	211
诇注爪讜专 讗转	2	211
诪讝诇 讟讜讘	2	211
讗讞讚 讗讞专	2	210
讛讜讗 诪讚讘专	2	210
讛专讘讛 讗谞砖讬诐	2	210
讝讛 谞讞诪讚	2	210
讻谉 诪讛	2	210
诇讗 讛讜诇讻转	2	210
注讚 砖讛讜讗	2	210
拽讜专讛 讻讗谉	2	210
讗讞讚 诪讗讬转谞讜	2	209
讗诇 转讬讙注	2	209
讗谞讬 诇讗 诪讘讬谞讛	3	209
讗谞讬 注讜砖讛 讗转	3	209
讗转讛 讛讬讬转	2	209
讛讜讗 诪诪砖	2	209
讛讻诇 讬讛讬讛	2	209
讛谞讛 诇讱	2	209
讝讛 讚讬	2	209
讗转 讗讘讗	2	208
讛讘谉 讝讜谞讛	2	208
讛讜讗 讻诇	2	208
讬讻讜诇 讛讬讛	2	208
诇讬 讘专讬专讛	2	208
诪住驻讬拽 讝诪谉	2	208
专讜讗讛 诪讛 拽讜专讛	3	208
砖讗祝 讗讞讚 诇讗	3	208
砖诪注转 注诇	2	208
讗讜转讬 讗谞讬	2	207
讗谞讬 讞讜砖讘 砖讛讜讗	3	207
讞讬讬讘 诇注砖讜转	2	207
讞诪砖 讚拽讜转	2	207
讬讻讜诇 诇诇讻转	2	207
诇讜住 讗谞讙	2	207
诇讜住 讗谞讙 诇住	3	207
诇讱 诇讗	2	207
诪讛 讗谞讬 注讜砖讛	3	207
讗讘诇 讗讜诇讬	2	206
讗谞讬 诪讞讻讛	2	206
讛讬讬 讞讘专	2	206
讛讬讬转讬 砖诐	2	206
讗谞讬 讞讜砖讘 砖讗转讛	3	205
讗转诐 讞讜砖讘讬诐	2	205
讘住讜驻讜 砖诇 讚讘专	3	205
讝讛 转诇讜讬	2	205
讞讻讬 专讙注	2	205
诇讛讬讜转 砖诐	2	205
诇讛讻讬专 讗讜转讱	2	205
诇讬 驻讛	2	205
诪讬 讛讬讛	2	205
专拽 诇讗	2	205
砖讛讜讗 专讜爪讛	2	205
讗转 讛诪驻转讞	2	204
讗转讛 讟讜注讛	2	204
讗转讛 转诪讬讚	2	204
讙讚讜诇 讬讜转专	2	204
讬讜诐 讟讜讘	2	204
讻诪讛 驻注诪讬诐	2	204
诪讛 讛注谞讬讬谉	2	204
诪讻讬专 讗讜转讜	2	204
讗讘诇 讗诇	2	203
讛诪砖驻讞讛 砖诇讬	2	203
诪讛 讗讬转讱	2	203
拽讜专讗讬诐 诇讱	2	203
讗讝 讬砖	2	202
讘讟讜讞 砖讝讛	2	202
讝讗转 讛讬讬转讛	2	202
讝讛 讛专讘讛	2	202
讝讛 注诐	2	202
讻讬 诇讗	2	202
诇讬 讻诇	2	202
诇讬 诇讚讘专	2	202
诇讬 砖讝讛	2	202
注讚 讛住讜祝	2	202
注讜讚 诪注讟	2	202
讗讬驻讛 讗谞讬	2	201
讗谞讬 砖讜谞讗转	2	201
讞转讬讻转 讞专讗	2	201
诇讛讜讚讜转 诇讱	2	201
诪讛 讗转 专讜爪讛	3	201
诪讛 砖讝讛	2	201
诪讛 砖诇讗	2	201
注讜讚 讬讜转专	2	201
注讜专讱 讚讬谉	2	201
讗讬讱 讛讜诇讱	2	200
讗谞讬 讗注砖讛 讗转	3	200
讗谞讬 讬讻讜诇 诇注砖讜转	3	200
讗谞讬 诪讘讟讬讞 诇讱	3	200
讗转 讘讗诪转	2	200
讗转 诪专	2	200
讛讜 讻谉	2	200
讛讜讗 讙诐	2	200
讻讱 讛专讘讛 讝诪谉	3	200
讻诇 讛砖讗专	2	200
注讻砖讬讜 讗转	2	200
